{
  "episodes": 50,
  "episode_rewards": [
    -3399.725041181207,
    -3923.339304101302,
    -2604.4361455668663,
    -4415.911987295188,
    -2454.3661749429125,
    -3953.3895333175747,
    -3847.147616165912,
    -2438.940717683014,
    -3843.988939450641,
    -2063.533437031921,
    -541.815944195291,
    -2344.9187990156706,
    -2894.243106516658,
    -2414.765527379737,
    -3927.2803876673856,
    -2747.1577592520334,
    -3020.4834856142024,
    -1932.7855646363857,
    -1142.1745842627336,
    -3051.9021702536784,
    -2195.6724317735866,
    -2535.969072446891,
    -1662.0471830681054,
    -3331.576131969199,
    -2395.735385554739,
    -4136.363491308673,
    -2100.438343760702,
    -3096.3402442236907,
    -1435.9959459162333,
    -1704.1088972793664,
    -3650.819988808482,
    -1966.8540032911149,
    -3487.10646443559,
    -3354.596819367977,
    -4001.7672526180486,
    -1445.1141472002357,
    -1450.0995244421263,
    -3677.479600134516,
    -4191.110055770974,
    -3998.14006970369,
    -1434.9213616382137,
    -4594.043008285979,
    -3751.832521433174,
    -4260.069841393339,
    -2352.0189224076116,
    -1588.3114559634832,
    -3708.4736963166065,
    -3250.004847331999,
    -3162.72756742682,
    -3306.5511652865407
  ],
  "episode_q_means": [
    -4.633970204320072,
    -8.979231423840194,
    -8.747355810499092,
    -12.996894908640778,
    -11.973924376688306,
    -14.585756120597745,
    -17.649436226817805,
    -17.860144404278838,
    -20.88098949379136,
    -17.203746570279332,
    -8.448284599969405,
    -8.849104873821691,
    -10.89915933895088,
    -11.699474114682637,
    -15.077264910502485,
    -16.927550536783585,
    -19.055080157611556,
    -19.679911841197914,
    -14.963840060596551,
    -14.619895348295854,
    -12.809807319838471,
    -12.268835805184343,
    -10.874041900770571,
    -13.396868675809237,
    -12.814576461731175,
    -16.24853122700994,
    -14.757832869224265,
    -16.344855843795127,
    -13.507322230708755,
    -11.785661539928537,
    -14.812924315068189,
    -12.730991910781945,
    -15.758727677148972,
    -18.35728116734955,
    -21.475614377212192,
    -20.312794663750612,
    -15.655534908705338,
    -18.398465975992217,
    -21.248601078965173,
    -23.082409973014844,
    -18.48596942461451,
    -22.210758614182836,
    -24.71490190503845,
    -27.432529263813777,
    -23.503004832624185,
    -17.46618779731556,
    -19.555730038064524,
    -21.077718237550606,
    -21.021462562513687,
    -21.875720793599456
  ],
  "config_path": "configs/env.yaml",
  "data_path": "data/processed/btcusdt_5m.parquet",
  "alpha": 0.1,
  "gamma": 0.995,
  "epsilon": 0.3
}