{
  "episodes": 50,
  "episode_rewards": [
    -81653.94291994783,
    -62313.739277231434,
    -31959.22552890102,
    -50113.137447162764,
    -77879.8459950766,
    -67601.00518777211,
    -52217.47052188752,
    -44504.32333370067,
    -75538.78978731339,
    -53371.225315000396,
    -49478.80036593838,
    -26490.18205704265,
    -60918.35201129252,
    -52549.31940146773,
    -61144.10408726026,
    -40919.127553575454,
    -43207.830784688456,
    -68221.52054710219,
    -48401.138895855285,
    -42939.048085747956,
    -82333.56002946499,
    -44957.55044097046,
    -21551.049096984905,
    -35138.055991763336,
    -90564.39063826806,
    -44978.9433719481,
    -44297.155207462114,
    -81897.77558365499,
    -41505.70701282543,
    -52063.69381694775,
    -50981.99183578079,
    -69693.77495302017,
    -72542.47158491556,
    -45922.839898203354,
    -86319.11782194907,
    -54831.734831441965,
    -46138.901552900395,
    -74427.11295953182,
    -73539.99819401218,
    -49018.62171558557,
    -44551.425458087746,
    -51830.9547300799,
    -38704.540028280564,
    -61532.89177128312,
    -31495.40441622754,
    -72349.4590899056,
    -29384.029495485636,
    -58522.31389053726,
    -42061.15039166821,
    -52480.98278012469
  ],
  "episode_q_means": [
    -97.38643513444181,
    -109.73750094736069,
    -82.33369190636701,
    -102.93443607117109,
    -105.45237456688032,
    -128.672946043733,
    -127.92965860166066,
    -130.7963193046356,
    -183.32876278077597,
    -152.05686450030262,
    -137.5843047420443,
    -45.88575043022431,
    -109.95283856088243,
    -122.90593404018023,
    -157.67114134043015,
    -132.30075296204896,
    -117.04851525267433,
    -153.65528935056406,
    -146.82781426971746,
    -116.34325443065451,
    -186.892793412313,
    -113.03489471673215,
    -24.163432513472312,
    -66.4938356145417,
    -107.66462454287046,
    -95.00167123489818,
    -88.99407871020458,
    -159.40531244426055,
    -118.37933529918244,
    -114.70249552155683,
    -113.62333499392692,
    -129.4508944451959,
    -146.2263793697979,
    -104.04268453272277,
    -153.01697465024577,
    -132.96791447615527,
    -116.99102056249114,
    -140.40435622292412,
    -150.3910757710552,
    -121.03889295096968,
    -109.75356081696059,
    -118.5143202623869,
    -105.8243462653752,
    -152.34935491487508,
    -81.22756314264853,
    -201.0971989131131,
    -122.47077769908843,
    -133.2716830231038,
    -113.46676949919454,
    -106.742964847252
  ],
  "config_path": "configs/env.yaml",
  "data_path": "data/processed/btcusdt_5m.parquet",
  "alpha": 0.1,
  "gamma": 0.95,
  "epsilon": 0.1
}