{
  "episodes": 50,
  "episode_rewards": [
    -188.63550163784092,
    -72.64341337381305,
    -86.66043331197676,
    -112.54179639057615,
    -135.52132259529256,
    -306.3119542765663,
    -81.09424982326975,
    -40.946331256333046,
    -41.199272725653,
    -38.544548522690945,
    -61.60531182019901,
    -120.89329652528023,
    -187.89317935408,
    -165.9291007752427,
    -246.75959036038142,
    -34.94093354226281,
    -32.09435858183597,
    -24.44147743227637,
    -44.89461958224138,
    -26.667269596144806,
    -11.763368198630717,
    -26.697034735982776,
    -36.96850081225387,
    -40.13749777469487,
    -37.76729424416811,
    -26.089103871003402,
    -38.15864866234013,
    -43.769988758373046,
    -54.107935993086286,
    -52.19165200752895,
    -101.41176715147122,
    -75.81256402849723,
    229.68361086301988,
    -123.37197227603131,
    -164.43098731831446,
    2100.0302771352176,
    -263.4831978899631,
    -230.29407193054982,
    -211.45545525823465,
    83.8158802105882,
    -167.0853783910696,
    -320.2285197470751,
    -265.8995037536914,
    -386.6058679684462,
    -177.71952652654804,
    -153.6790581879794,
    -147.98555111921334,
    -115.55600491472366,
    -258.02825480484734,
    -183.30410070133448
  ],
  "episode_q_means": [
    -0.12849394930323246,
    -0.16342422342642748,
    -0.1999091497582479,
    -0.2539430852049914,
    -0.3204887439104686,
    -0.48895050247206745,
    -0.520483329253605,
    -0.5090385630090005,
    -0.5073059184664992,
    -0.5018646438045553,
    -0.4903186918620511,
    -0.5421311117063835,
    -0.6504349903319806,
    -0.7393544692345818,
    -0.765142079945434,
    -0.7523989990401315,
    -0.7375233663322506,
    -0.7138991707188808,
    -0.7099112457978539,
    -0.683888792549079,
    -0.6457820092422459,
    -0.6347227865273602,
    -0.6259621967911914,
    -0.6157897208045603,
    -0.613400354447353,
    -0.5995665210536442,
    -0.5970216189459571,
    -0.5950844563923118,
    -0.6061148948062365,
    -0.6175814341838044,
    -0.6670792258802957,
    -0.6423168366557966,
    -0.20599327941080828,
    0.07147812789072673,
    -0.008352408403366507,
    2.6492817777571345,
    3.3829674998064205,
    3.229713160093139,
    2.9905768675367956,
    3.1319366757686224,
    3.0050134424384587,
    2.671059785025979,
    2.424696836755168,
    2.0609844988684074,
    1.8945322058754341,
    1.7285905368611618,
    1.5941923503206816,
    1.6700318438929072,
    1.4257252288807465,
    1.3287137539623215
  ],
  "config_path": "configs/env.yaml",
  "data_path": "data/processed/btcusdt_5m.parquet",
  "alpha": 0.1,
  "gamma": 0.995,
  "epsilon": 0.10925090402613505
}