{
  "episodes": 50,
  "episode_rewards": [
    -4061.6860406566407,
    -1977.0757091574642,
    -3575.5681510751065,
    -1723.704643826064,
    -3299.0302799623246,
    -2955.533857197759,
    -2322.878987548568,
    -2675.67019415401,
    -1114.372951890649,
    -3866.0132415585817,
    -2773.0974036310145,
    -2838.0784598208643,
    -4149.898510546704,
    -2850.3952771020613,
    -1693.0442201919768,
    -1704.738124686956,
    -1950.9776664277724,
    -3662.0673773718295,
    -3523.0754046167517,
    -2377.3813893679217,
    -3539.6046382528784,
    -2177.2387900476865,
    -2530.937908688365,
    -2214.180307873049,
    -2106.318949806796,
    -2488.357618318245,
    -3223.8785070852173,
    -1675.8130967261195,
    -4009.1406084620376,
    -2132.8721720329845,
    -2851.0274720927496,
    -1717.8842399267583,
    -5229.575967631875,
    -1987.717409987032,
    -2105.5071628805013,
    -3228.232768548479,
    -3327.109529590935,
    -4330.355578252734,
    -3626.275989465994,
    -1269.0667176301502,
    -2979.3645538628725,
    -3832.21343065059,
    -3831.697190100124,
    -1665.875022946086,
    -2897.513729744739,
    -2989.1508567462893,
    -3683.401299698974,
    -2116.1738880819803,
    -2911.525996589647,
    -3313.8092326725973
  ],
  "episode_q_means": [
    -5.038933829628244,
    -5.518541367548609,
    -9.066819884594816,
    -7.327861687268068,
    -9.971422755766469,
    -11.56973895001529,
    -10.735318668083602,
    -12.963982682900822,
    -11.778665027963726,
    -15.289523385969803,
    -16.59877980702725,
    -16.917787632687986,
    -20.38555555497438,
    -18.280813978603938,
    -16.12224906566447,
    -12.68481198474679,
    -11.052029372480167,
    -14.345042342307595,
    -16.907385311162418,
    -14.130454743780371,
    -16.537636025656262,
    -14.97750653988624,
    -16.957900380544036,
    -17.541760859108,
    -16.183504304629643,
    -16.632873572651974,
    -19.22067074712297,
    -15.159480499190673,
    -18.18489527866254,
    -19.378250693927214,
    -21.072636603418562,
    -18.624851683468442,
    -23.419691076631217,
    -20.010097667623047,
    -18.454644458098567,
    -20.962075228598376,
    -23.322648261935317,
    -26.599332008000687,
    -28.893529420686082,
    -20.992758954864026,
    -22.212052198903947,
    -25.126156234592276,
    -26.95392026285689,
    -21.22917443165858,
    -23.235764650120387,
    -25.26651899806139,
    -27.887391752779347,
    -23.278641000943043,
    -24.40640750619163,
    -23.121961924071407
  ],
  "config_path": "configs/env.yaml",
  "data_path": "data/processed/btcusdt_5m.parquet",
  "alpha": 0.1,
  "gamma": 0.995,
  "epsilon": 0.3
}