{
  "episodes": 50,
  "episode_rewards": [
    -4346.353889240604,
    -2441.263624331408,
    -3680.343238369394,
    -1747.2367378493943,
    -2601.281194357414,
    -4228.412406693904,
    -1774.8198577925739,
    -2945.5804220384734,
    -3157.2590578176655,
    -1695.9014647581266,
    -3054.8162674975974,
    -3550.424676880183,
    -2880.8924170749146,
    -3838.3465102517985,
    -3202.209319654117,
    -3964.7474963457585,
    -2389.3143951159695,
    -2787.191929765264,
    -2175.5827927986343,
    -3382.7222454259045,
    -3982.4221514947935,
    -4065.863177013331,
    -5313.856819376018,
    -2895.596890755653,
    -3211.7390497143037,
    654.4296310629846,
    -3301.464792326177,
    -3525.5657856624457,
    -3665.8390811582785,
    -3547.89136738111,
    -3836.9553814913847,
    -1616.226914003801,
    -3172.2734881261754,
    -2510.0160556220762,
    -2331.6249641766144,
    -3886.7658247458216,
    -3632.3399905141123,
    -2546.8200968509373,
    -2758.823423717289,
    -2578.044423327999,
    -2800.2418388897718,
    -3818.1174963226586,
    -1778.9447215007601,
    -3351.305256374813,
    -1687.899048743978,
    -1943.8994589715498,
    -4260.462305859558,
    -4656.493686329149,
    -2735.162909834546,
    -2553.2505328594175
  ],
  "episode_q_means": [
    -7.137932037437839,
    -5.867065609893863,
    -9.107987824163722,
    -7.529175727372022,
    -8.895984049598784,
    -11.867545082718552,
    -10.088317277657401,
    -12.224437905265953,
    -14.805361551123747,
    -11.766654806740002,
    -12.075074455813846,
    -14.371623486631885,
    -15.846558973490001,
    -18.253395885335824,
    -20.419990286552174,
    -23.354627201689695,
    -21.393376879998605,
    -23.19987533219692,
    -19.859948858029586,
    -21.20091102335795,
    -23.45705058744427,
    -25.646532839499805,
    -29.539943420373366,
    -28.28846394764654,
    -30.19706896310591,
    -15.882937476984107,
    -16.910456968403732,
    -18.49905095060635,
    -20.947373314670532,
    -21.134525863013604,
    -24.132802316654992,
    -20.226356763550797,
    -21.801252913806717,
    -19.78961228946032,
    -18.403403448080287,
    -21.36443364968048,
    -24.10004584066755,
    -23.757664692156965,
    -23.150784087051697,
    -22.351856774596673,
    -24.146050911358067,
    -26.69775553313584,
    -20.372398428589317,
    -22.969433347258082,
    -18.59677840627664,
    -16.682279823406688,
    -20.464975729827213,
    -24.384905411540988,
    -22.672196651637226,
    -19.66550999036115
  ],
  "config_path": "configs/env.yaml",
  "data_path": "data/processed/btcusdt_5m.parquet",
  "alpha": 0.1,
  "gamma": 0.995,
  "epsilon": 0.3
}