{
  "episodes": 50,
  "episode_rewards": [
    -69473.08910608466,
    -43611.853800125726,
    -65964.7366446026,
    -51407.009073120396,
    -57989.72172828732,
    -40266.34087047572,
    -78799.28137823408,
    -35533.101699573,
    -63190.306701124675,
    -55014.26850561355,
    -44423.2208687675,
    -47045.962027532674,
    -58388.611592812595,
    -77254.84523338724,
    -41956.82463461302,
    -83156.86950666884,
    -73039.54836474734,
    -118943.0295089016,
    -40143.94084190337,
    -45490.948774940145,
    -46761.56219460325,
    -46346.96590341003,
    -39590.75691317854,
    -54393.734776032434,
    -71245.92139990948,
    -43272.50316715804,
    -55953.62402546173,
    -56247.85771950017,
    -51657.765912200775,
    -51411.222780170094,
    -50633.52903463527,
    -55888.956522574765,
    -54162.816232977304,
    -41700.09534468576,
    -15331.574435474846,
    -44356.68722973326,
    -62029.60523462256,
    -63458.596523792876,
    -53132.65512712262,
    -49138.84938473202,
    -64217.96179095282,
    -51804.63518542277,
    -81168.68704485684,
    -45632.37432590773,
    -53250.70753258024,
    -44146.57458361745,
    -63719.68600160966,
    -63975.16680196431,
    -56637.15948192729,
    -21943.31209712276
  ],
  "episode_q_means": [
    -119.90790590258926,
    -85.09611793422987,
    -136.9283250586643,
    -137.39875777405462,
    -112.89215366706856,
    -110.82185196608555,
    -139.43405083444955,
    -99.82011622111354,
    -144.245966056871,
    -66.3449268905169,
    -54.26357155754505,
    -84.27143108356671,
    -100.9211358013568,
    -153.596204472602,
    -133.36605101549424,
    -195.27171573859565,
    -164.58316909909047,
    -313.20293339166784,
    -152.0799204775624,
    -126.56078395657126,
    -131.95603433102792,
    -114.22880804627961,
    -103.90585393250224,
    -112.69881122046263,
    -136.26266638109178,
    -126.82616046511153,
    -125.10897299521679,
    -125.85848671107294,
    -123.44857101451396,
    -134.46316764236056,
    -79.79958302287928,
    -91.51738344788863,
    -94.01170849296552,
    -84.22689838900779,
    -46.70553017735674,
    -92.5378543910261,
    -134.31559298974923,
    -118.93550842385976,
    -123.91610955923954,
    -140.03116083876682,
    -139.50058042751326,
    -123.1466375231434,
    -217.2423662720355,
    -124.66634817803522,
    -136.1149989041735,
    -123.36204763081982,
    -140.73963910584686,
    -123.36974238800381,
    -142.58394427740845,
    -12.666765679579925
  ],
  "config_path": "configs/env.yaml",
  "data_path": "data/processed/btcusdt_5m.parquet",
  "alpha": 0.1,
  "gamma": 0.95,
  "epsilon": 0.1
}