{
  "episodes": 50,
  "episode_rewards": [
    -21538.775226651225,
    -4160.205633234975,
    -4544.211545407321,
    -8576.011039377263,
    -8737.653043867307,
    -6626.4581357098505,
    -5996.143797887242,
    -4632.130301969693,
    -5224.609169402247,
    -4886.144606587273,
    -4988.389197784883,
    -5561.31043704976,
    -5064.303240937239,
    -10790.921817404786,
    -4581.607536409894,
    -6288.541218144848,
    -4683.344574687289,
    -7058.096142449795,
    -4215.246683064834,
    -4709.128928364895,
    -4995.314754292369,
    -6497.184246269768,
    -5755.782342594786,
    -2902.307343299821,
    -6409.943992352317,
    -6940.299909482303,
    -5074.4391309848,
    -5769.475870492373,
    -4264.4545344948565,
    -6508.87173144221,
    -5488.326142054822,
    -5179.512583692369,
    -5032.89812906232,
    -4676.708952462286,
    -4311.376160982341,
    -3832.9520048323466,
    -7127.65263460984,
    -5872.745909842299,
    -4425.408811164874,
    -4629.993568274818,
    -5050.636286897279,
    -6448.106139479816,
    -4316.711839732277,
    -6061.090532079761,
    -3950.5479006398673,
    -3791.0999331148487,
    -4013.0623303923203,
    -6336.603600684815,
    -5822.149422684888,
    -5877.425551987253
  ],
  "episode_q_means": [
    -38.963890545127676,
    -40.643368206103844,
    -49.15254869728318,
    -74.37567476276922,
    -95.14339069615623,
    -95.9896041119054,
    -96.60301446504464,
    -94.12765050702554,
    -96.88044518038124,
    -98.1039557253654,
    -97.97592797341366,
    -97.29232866606476,
    -92.59086316453084,
    -105.21051621689321,
    -104.63888777303316,
    -106.62832033202805,
    -103.39117851387336,
    -102.88173009677189,
    -102.29314299748238,
    -103.7390353053417,
    -105.14425418030108,
    -105.00767816661232,
    -101.13499878452664,
    -99.27610605103513,
    -103.44856667246484,
    -104.14192535675313,
    -103.25778702736973,
    -103.99550460621397,
    -104.66078663724777,
    -102.53999130075323,
    -100.24255339363499,
    -98.4148662117002,
    -100.32895220293584,
    -102.75763379642592,
    -102.35423340906478,
    -101.75089153796638,
    -104.06350425314129,
    -101.53415233869998,
    -100.14119472627851,
    -99.60370824067343,
    -98.8581632075368,
    -99.8993447393759,
    -99.02857314166489,
    -100.28268038949055,
    -99.4963475127512,
    -96.7046924159237,
    -95.25201726400394,
    -99.50974979198041,
    -100.856572343342,
    -95.90417860749899
  ],
  "config_path": "configs/env.yaml",
  "data_path": "data/processed/btcusdt_5m.parquet",
  "alpha": 0.1,
  "gamma": 0.95,
  "epsilon": 0.1
}