{
  "episodes": 50,
  "episode_rewards": [
    -6734.114143014269,
    -968.5545961863737,
    -7716.39976736992,
    -7596.969657891021,
    -2885.76285687224,
    -1471.834016480288,
    -2028.8634818136684,
    -4708.7924229392875,
    -1028.1054200702329,
    -4009.2660759499363,
    -3934.723893351959,
    -5074.051857499519,
    -705.8732324745563,
    -2442.58178220154,
    -9112.742775585382,
    -1727.7600662197276,
    -2742.7625994153477,
    -4645.738714437427,
    -6292.766686451561,
    -6728.534885180326,
    -1550.1673404186558,
    -2072.5023650100275,
    -2791.4049672942865,
    -3860.068583328365,
    -785.7884193510309,
    -2990.861084712413,
    -3261.4755461873774,
    -6693.845766945221,
    -4199.893084943182,
    -6564.381563811704,
    -5105.1966300523345,
    -1173.9378700436193,
    -2844.1905755524813,
    -5881.267526166274,
    -2694.0907918007883,
    -3669.7661626989393,
    -932.8507142030608,
    -7401.247697558599,
    -6426.135919150047,
    -3001.6565121158774,
    -3618.9342876752617,
    -907.4315930409118,
    -6587.42112108543,
    -2120.6182178205568,
    -1430.5244737024457,
    -2034.7121097363622,
    -7590.201334145983,
    -6605.701516643715,
    -2279.5268640200666,
    -6085.624119046343
  ],
  "episode_q_means": [
    -23.809997969447164,
    -7.2591488178369135,
    -19.957471242536183,
    -22.070420289677333,
    -11.414754317560755,
    -7.740736933836444,
    -7.070097481106629,
    -13.108302776982704,
    -6.677392769859654,
    -11.317813511380422,
    -12.026077441743245,
    -15.750555354760317,
    -6.554395409961489,
    -9.447736877891476,
    -22.10245291811815,
    -11.347946637732202,
    -11.461824719809073,
    -13.076735853652025,
    -18.807532689903148,
    -18.33891435246126,
    -7.816960333653513,
    -8.370800887056767,
    -10.028542283612234,
    -9.077482441696503,
    -5.484538095412481,
    -9.733532458258653,
    -11.937746174308913,
    -18.83200260894319,
    -16.123569914277237,
    -20.13084019244342,
    -18.077733221359782,
    -8.009784676269964,
    -10.402420166917821,
    -16.041942934735065,
    -10.160778969419402,
    -11.652268385363167,
    -6.121773772157048,
    -18.860334275069718,
    -17.97614302778395,
    -10.747546518473316,
    -11.282295375521533,
    -5.76546387636904,
    -17.531709965617228,
    -11.29228220071866,
    -7.665475396609456,
    -8.06309329273843,
    -19.54985622632063,
    -20.875887478027824,
    -10.600774017164497,
    -17.937795656814455
  ],
  "config_path": "configs/env.yaml",
  "data_path": "data/processed/btcusdt_5m.parquet",
  "alpha": 0.1,
  "gamma": 0.95,
  "epsilon": 0.1
}