{
  "episodes": 50,
  "episode_rewards": [
    -3659.823071269241,
    -3137.094995565737,
    -4085.6983513496293,
    -2098.6251838001026,
    -2274.9875444610857,
    -4807.834043972502,
    -3454.6332059413103,
    -2261.6119944671877,
    -1819.9740147703874,
    -2776.000974685486,
    -2915.4527028867055,
    -3736.8406585115263,
    -3965.1592384089076,
    -1547.2842325327344,
    -2922.883667140782,
    -2427.446712051838,
    -4054.000797760676,
    -2991.5581735574356,
    -2162.136115109934,
    -2840.6421417274805,
    -4191.462312984869,
    -1821.6155513080494,
    -690.6106514750768,
    -3022.31482362379,
    -1057.91384953264,
    -1853.6665927034294,
    -2983.754976643823,
    -3808.316170271873,
    -2195.5150470343565,
    -1626.691418971902,
    -4571.763607526933,
    -2997.2362650841264,
    -2253.279907232427,
    -4665.91412311181,
    -3802.78532701088,
    -1833.6960404248575,
    -2391.986811310624,
    -2798.5078248159393,
    -3758.970394465796,
    -3010.707876255876,
    -1704.7540596076244,
    -3315.6689953274604,
    -3131.661861750123,
    -4178.506137626856,
    -2199.670044613166,
    -3404.269826873662,
    -3088.7778996484885,
    -2404.420176994897,
    -2398.0255145950027,
    -2063.4156168157992
  ],
  "episode_q_means": [
    -5.176900286123383,
    -7.031839469175742,
    -11.00815504087448,
    -9.739517731159223,
    -9.288317380593247,
    -13.903783545619829,
    -16.011749039880176,
    -14.541964913135113,
    -12.483839964882275,
    -11.88821009612204,
    -13.811643978544534,
    -17.031680962456672,
    -19.65296776132414,
    -16.605512619874503,
    -17.473022520755215,
    -17.247755714273993,
    -19.424052587078087,
    -17.39660039415268,
    -14.655888594162578,
    -14.3842764882179,
    -17.295302109977843,
    -14.329151925472159,
    -10.295231773737612,
    -11.589605522844726,
    -9.62307417483708,
    -9.603908256198892,
    -11.414360025128497,
    -14.916373894063941,
    -15.263722801036478,
    -14.672945761460204,
    -18.61626185159345,
    -20.652775928529636,
    -21.847065129989197,
    -25.468290170161712,
    -27.94882754453434,
    -22.229419673801257,
    -20.18462995543028,
    -22.0390844629356,
    -24.51850004752318,
    -22.8761613278484,
    -22.49625080826912,
    -24.945769033902174,
    -26.897131029876018,
    -29.52970563254936,
    -27.116473653273047,
    -29.02240743612938,
    -23.972298184392212,
    -24.680831765581523,
    -24.249545805523102,
    -19.26590897699075
  ],
  "config_path": "configs/env.yaml",
  "data_path": "data/processed/btcusdt_5m.parquet",
  "alpha": 0.1,
  "gamma": 0.995,
  "epsilon": 0.3
}