{
  "episodes": 50,
  "episode_rewards": [
    -5590.959701475524,
    -5837.015282546733,
    -5177.931842146443,
    -4731.15288673164,
    -5606.663741029174,
    -4859.726722246391,
    -6296.090932143989,
    -7839.019904367793,
    -4341.58314591886,
    -5183.124532579562,
    -4138.743288495943,
    -6384.653462106273,
    -4926.7542080585845,
    -8122.414448821887,
    -4465.2043410154,
    -5482.5735778242515,
    -5262.265024765092,
    -3940.625175482632,
    -4893.3977335293275,
    -7783.001735557678,
    -4635.510425584121,
    -7919.952445088871,
    -3848.8341152200833,
    -3058.1759885777683,
    -5573.902444604033,
    -8026.536880281088,
    -6940.185238889628,
    -5028.145144597232,
    -4781.23066868932,
    -5876.297245230606,
    -3645.4158005836025,
    -4526.450660582866,
    -5249.567886988157,
    -4138.268889545001,
    -4567.586425313327,
    -4741.1459705105035,
    -4813.243189491748,
    -5229.671243858572,
    -5216.300989131752,
    -5909.023132264154,
    -6418.176922380736,
    -5051.055954512244,
    -5546.859143076818,
    -6048.316183493648,
    -5336.294536189954,
    -5231.523410428966,
    -7869.617904947685,
    -4335.119846298196,
    -4244.398855479974,
    -4481.852519232341
  ],
  "episode_q_means": [
    -20.30769503274701,
    -33.29543554771393,
    -46.10926997771876,
    -40.56745303435944,
    -54.25914160880048,
    -45.15427249039316,
    -47.224567405287154,
    -67.42363269236499,
    -47.925204206649,
    -42.28839264070365,
    -50.43146046489914,
    -64.42356284786494,
    -71.55793517603139,
    -88.62343972731547,
    -59.7080418914122,
    -50.58425151055346,
    -46.7347543140476,
    -53.50201529676557,
    -43.36102776200783,
    -62.10961102321098,
    -49.49429255313857,
    -69.85491025159719,
    -60.414609492642434,
    -51.5890217337441,
    -50.58907664662187,
    -72.10510310628283,
    -81.40398023686215,
    -85.79635498443383,
    -88.14514397853846,
    -94.1635343505914,
    -70.63268004907594,
    -51.90379312553708,
    -63.04971880204081,
    -68.06448289456056,
    -53.97013951135413,
    -45.54075143727872,
    -42.32954116109297,
    -42.93810554762177,
    -43.341743258945286,
    -47.03078093843797,
    -49.48107982306478,
    -46.97094700731055,
    -59.69359198498156,
    -72.16166025860707,
    -58.62349553917458,
    -68.10268791384891,
    -83.30930568903584,
    -56.68450534625119,
    -42.79894092459714,
    -52.750113444325
  ],
  "config_path": "configs/env.yaml",
  "data_path": "data/processed/btcusdt_5m.parquet",
  "alpha": 0.1,
  "gamma": 0.995,
  "epsilon": 0.3
}