{
  "episodes": 50,
  "episode_rewards": [
    -2088.7726591631167,
    -3061.195917859393,
    -1652.5505439428614,
    -2694.9394875655757,
    -4826.021428204337,
    -2495.6363060926824,
    -3160.721670852015,
    -1206.6170498274755,
    -3076.111312582267,
    -440.3828078873532,
    -3755.7029526450156,
    -2897.3942350963757,
    -796.0358682156652,
    -3134.227493133168,
    -3037.19844115751,
    -1803.475631915942,
    -3315.006329904781,
    -1645.7105066507359,
    -2049.3718715027976,
    -2149.62910935207,
    -3290.019597427662,
    -3258.004758548738,
    -1224.7930693911633,
    -443.5121437219004,
    -3332.761264572423,
    -1207.0308267317112,
    -4402.55405385826,
    -5158.96677892044,
    -1074.9765662289096,
    -4484.30170580252,
    -1359.8624239944331,
    -3689.747987532239,
    -2277.5293789120483,
    -5064.817438356192,
    -1468.0573580246692,
    -3438.259984163556,
    -2706.7266920424854,
    -3161.9738266658746,
    -2074.4901437069843,
    -2663.6394763744074,
    -2945.232620398317,
    -5954.457282709157,
    -2073.280946693757,
    -2008.3361598395402,
    -2378.7614141444947,
    958.1273517972666,
    -2910.8478012761,
    -4571.5388097665045,
    -1777.7061548221156,
    -1469.4639701954784
  ],
  "episode_q_means": [
    -7.542042731431359,
    -15.193197317079905,
    -18.26580346237495,
    -24.177649136175177,
    -36.21326434997889,
    -38.78469612208695,
    -43.390616713036195,
    -10.863540296010632,
    -20.16023938863827,
    -7.32297144868236,
    -19.042533563588385,
    -26.253342221964328,
    -12.947529678137363,
    -19.290316260210414,
    -26.959846116945837,
    -19.09294203350021,
    -27.553724783669196,
    -17.266534631171236,
    -16.524246999023436,
    -17.403314707313665,
    -26.207497474605777,
    -33.89152670635875,
    -19.455386890108088,
    -9.77736482666893,
    -20.404606200357723,
    -13.77939659173857,
    -27.891872320497455,
    -42.28725503809477,
    -21.17810553345704,
    -34.18523208547663,
    -31.422496802305123,
    -37.40918485221103,
    -26.706286986091655,
    -40.009672816364635,
    -21.943583919437017,
    -30.44747770778977,
    -33.21633704842947,
    -39.68805418235012,
    -25.171372591331252,
    -28.464631154801484,
    -35.1781014896894,
    -50.88273905647393,
    -30.377645997836098,
    -22.932712493509925,
    -28.260699746244114,
    -0.737405912408044,
    -11.995297718726547,
    -27.208653459710423,
    -28.411770939582322,
    -17.09073788399575
  ],
  "config_path": "configs/env.yaml",
  "data_path": "data/processed/btcusdt_5m.parquet",
  "alpha": 0.1,
  "gamma": 0.995,
  "epsilon": 0.3
}