{
  "episodes": 50,
  "episode_rewards": [
    -85.04329021213873,
    17.162926795688943,
    2.733237371143022,
    -9.143405645489068,
    17.707813027488562,
    15.592199768449387,
    21.2143711104141,
    2.7027753406396577,
    57.27405700421431,
    -1.7433994782077156,
    8.37091138005407,
    -27.519193337707136,
    -2.9938723604366704,
    2.9135281631419723,
    -55.0410613901776,
    -108.42123632766618,
    -4.253611750558373,
    -7.793221780868186,
    37.28841991367735,
    -3.022206071160842,
    -0.06055860463530357,
    2.9819397541988946,
    2.1188651202177025,
    -26.666722344924146,
    -3.1400181091144175,
    -130.92915260354204,
    -49.76256950914934,
    -17.801542314817247,
    -12.13805863702379,
    -128.6517380138202,
    22.10202400457769,
    -2264.8462643923544,
    47.99434146505702,
    22.883618545589613,
    -12.300006415869163,
    248.66166033847804,
    -10.080296413310867,
    11.265877080734498,
    960.2390530040818,
    33.23342950396964,
    -34.279977709706955,
    -21.512532707016742,
    -44.56628917458992,
    12.075255561233664,
    10.07463393978752,
    -11.523527659168499,
    -156.8245321940747,
    21.23531647759525,
    37.36227784275238,
    503.768760919771
  ],
  "episode_q_means": [
    -0.014780617768682678,
    0.009240247812473729,
    0.005303785995517367,
    0.007788398934197367,
    0.01901390624863272,
    0.018658483432308956,
    0.016660630761995823,
    0.007479029282005912,
    0.09307647601349023,
    0.054677090269317295,
    0.038195761833864854,
    0.024288485371309204,
    0.024477094356141853,
    0.02714712123219977,
    0.0029539859021870027,
    0.034903211047100806,
    0.01415836105775911,
    0.015018270916122923,
    0.07950019226721318,
    0.011475748708377953,
    -0.01912060660498275,
    -0.015165939091031292,
    -0.022443608038670997,
    -0.05087193192970461,
    -0.02565492516435612,
    -0.10192967595466663,
    -0.05220266609035338,
    -0.043501722988967505,
    -0.02485793362747606,
    -0.10571164421517931,
    0.00030203649333931243,
    0.038385809838948313,
    0.07891779459926622,
    0.05660774131773486,
    0.0418032309766048,
    0.17737937459764755,
    0.03968733157455128,
    0.02461972396589615,
    1.0453226010936858,
    0.21824471696025938,
    0.060762922301914886,
    0.020584421937129064,
    0.016457490951343922,
    0.022586952936481306,
    0.016294854605368135,
    0.01418978127581605,
    0.025675622854459002,
    0.02262940490914718,
    0.029469463364852122,
    0.38307177725050284
  ],
  "config_path": "configs/env.yaml",
  "data_path": "data/processed/btcusdt_5m.parquet",
  "alpha": 0.1,
  "gamma": 0.95,
  "epsilon": 0.1
}