{
  "sharpe": 0.01496957548706941,
  "pnl": -177921.3109744802,
  "max_drawdown": -16.82315128250049
}