{
  "sharpe": 0.014014990053005747,
  "pnl": -10285.652143268147,
  "max_drawdown": -1.0572500002387508
}