{
  "sharpe": 0.004944596598815689,
  "pnl": -53136.624958311324,
  "max_drawdown": -4.668136703232168
}