{
  "pnl": 90.31347019111126,
  "sharpe": 0.013171369075360376,
  "max_drawdown": -0.012377845994028906
}